"First Name","Last Name","Team","Matchup","PPR","HPPR","CMP","YDS","YDS","REC","YDS","1+","2+","3+","1st","Last Updated"
"Jahmyr","Gibbs","DET","PIT vs. DET","24.69","22.16","0.00","0.00","77.41","5.07","43.13","66.84%","30.24%","10.04%","17.36%","2025-12-21T20:43:40Z"
"Bijan","Robinson","ATL","ATL vs. ARI","24.49","22.40","0.00","0.00","97.12","4.18","38.56","58.39%","21.90%","5.91%","15.69%","2025-12-21T20:43:40Z"
"Jonathan","Taylor","IND","SF vs. IND","23.41","22.01","0.00","0.00","105.95","2.79","21.56","64.43%","27.66%","8.66%","17.71%","2025-12-22T15:22:26Z"
"Jalen","Hurts","PHI","PHI vs. WAS","22.87","22.87","18.68","224.77","33.99","0.00","0.00","43.43%","11.20%","2.02%","10.02%","2025-12-20T21:32:59Z"
"Josh","Allen","BUF","BUF vs. CLE","22.27","22.27","18.39","211.69","33.91","0.00","0.00","47.26%","13.52%","2.72%","10.27%","2025-12-21T17:48:31Z"
"Christian","McCaffrey","SF","SF vs. IND","22.00","19.68","0.00","0.00","65.91","4.64","41.24","63.23%","26.45%","8.04%","17.72%","2025-12-22T15:22:26Z"
"Amon-Ra","St. Brown","DET","PIT vs. DET","21.98","18.34","0.00","0.00","1.05","7.28","91.28","50.96%","16.02%","3.57%","11.21%","2025-12-21T20:43:40Z"
"Puka","Nacua","LA","LA vs. SEA","21.50","17.90","0.00","0.00","3.82","7.22","95.41","40.08%","9.39%","1.53%","9.14%","2025-12-19T00:44:57Z"
"Ja'Marr","Chase","CIN","CIN vs. MIA","21.40","17.91","0.00","0.00","1.89","7.00","91.35","47.93%","13.95%","2.86%","11.49%","2025-12-21T17:48:32Z"
"Lamar","Jackson","BAL","NE vs. BAL","21.22","21.22","17.82","213.04","40.33","0.00","0.00","15.28%","1.23%","0.07%","2.48%","2025-12-22T01:18:55Z"
"De'Von","Achane","MIA","CIN vs. MIA","21.19","19.27","0.00","0.00","86.75","3.84","31.19","52.29%","16.98%","3.92%","11.84%","2025-12-21T17:48:32Z"
"Drake","Maye","NE","NE vs. BAL","21.03","21.03","20.93","249.00","25.45","0.00","0.00","28.77%","4.60%","0.51%","5.34%","2025-12-22T01:18:55Z"
"Justin","Herbert","LAC","LAC vs. DAL","20.82","20.82","21.38","240.36","23.12","0.00","0.00","11.30%","0.66%","0.03%","1.76%","2025-12-21T17:48:31Z"
"Joe","Burrow","CIN","CIN vs. MIA","20.81","20.81","24.27","266.25","7.92","0.00","0.00","7.74%","0.31%","0.01%","1.42%","2025-12-21T17:48:32Z"
"Jacoby","Brissett","ARI","ATL vs. ARI","20.67","20.67","23.78","260.19","14.51","0.00","0.00","12.41%","0.80%","0.04%","2.34%","2025-12-21T20:43:40Z"
"Bo","Nix","DEN","JAX vs. DEN","20.40","20.40","22.65","246.39","20.91","0.00","0.00","20.21%","2.20%","0.16%","3.90%","2025-12-21T20:43:40Z"
"Dak","Prescott","DAL","LAC vs. DAL","20.12","20.12","23.42","263.24","11.16","0.00","0.00","11.17%","0.65%","0.03%","1.96%","2025-12-21T17:48:31Z"
"Brock","Purdy","SF","SF vs. IND","20.07","20.07","21.38","249.16","15.67","0.00","0.00","17.62%","1.65%","0.11%","3.43%","2025-12-22T15:22:26Z"
"James","Cook","BUF","BUF vs. CLE","20.04","19.02","0.00","0.00","94.00","2.03","16.80","60.53%","23.84%","6.78%","14.93%","2025-12-21T17:48:31Z"
"Jaxon","Smith-Njigba","SEA","LA vs. SEA","19.94","16.81","0.00","0.00","0.69","6.24","91.71","41.91%","10.36%","1.79%","10.59%","2025-12-19T00:44:57Z"
"Jared","Goff","DET","PIT vs. DET","19.63","19.63","22.28","263.71","2.94","0.00","0.00","5.10%","0.13%","0.00%","0.82%","2025-12-21T20:43:40Z"
"Baker","Mayfield","TB","TB vs. CAR","19.50","19.50","20.45","232.74","17.67","0.00","0.00","14.45%","1.10%","0.06%","2.63%","2025-12-21T17:48:31Z"
"Tyler","Shough","NO","NYJ vs. NO","19.33","19.33","20.11","221.69","24.84","0.00","0.00","32.22%","5.86%","0.73%","8.09%","2025-12-21T17:48:31Z"
"Trevor","Lawrence","JAX","JAX vs. DEN","18.90","18.90","20.17","233.03","22.11","0.00","0.00","22.70%","2.80%","0.23%","4.66%","2025-12-21T20:43:40Z"
"Jaxson","Dart","NYG","MIN vs. NYG","18.46","18.46","18.10","199.09","32.49","0.00","0.00","34.02%","6.58%","0.88%","7.61%","2025-12-21T17:48:32Z"
"C.J.","Stroud","HOU","LV vs. HOU","18.41","18.41","20.48","233.37","13.24","0.00","0.00","9.60%","0.48%","0.02%","2.29%","2025-12-21T20:43:41Z"
"Jordan","Love","GB","GB vs. CHI","18.22","18.22","19.87","237.42","12.59","0.00","0.00","9.54%","0.47%","0.02%","1.55%","2025-12-21T00:46:04Z"
"Marcus","Mariota","WAS","PHI vs. WAS","18.07","18.07","17.58","203.75","35.88","0.00","0.00","21.16%","2.42%","0.19%","4.35%","2025-12-20T21:32:59Z"
"Saquon","Barkley","PHI","PHI vs. WAS","17.67","16.46","0.00","0.00","83.67","2.42","19.50","48.06%","14.04%","2.89%","11.53%","2025-12-20T21:32:59Z"
"Trey","McBride","ARI","ATL vs. ARI","17.56","14.31","0.00","0.00","0.48","6.49","71.04","42.08%","10.45%","1.81%","9.63%","2025-12-21T20:43:40Z"
"CeeDee","Lamb","DAL","LAC vs. DAL","17.49","14.71","0.00","0.00","2.69","5.56","79.38","37.98%","8.35%","1.28%","7.91%","2025-12-21T17:48:31Z"
"Caleb","Williams","CHI","GB vs. CHI","17.34","17.34","18.81","209.71","20.34","0.00","0.00","16.55%","1.45%","0.09%","3.33%","2025-12-21T00:46:03Z"
"Bryce","Young","CAR","TB vs. CAR","17.25","17.25","19.67","214.44","15.80","0.00","0.00","17.84%","1.69%","0.11%","3.46%","2025-12-21T17:48:31Z"
"Derrick","Henry","BAL","NE vs. BAL","17.17","16.50","0.00","0.00","79.44","1.33","11.39","62.56%","25.77%","7.71%","14.71%","2025-12-22T01:18:55Z"
"Matthew","Stafford","LA","LA vs. SEA","17.15","17.15","21.96","242.96","2.12","0.00","0.00","4.30%","0.09%","0.00%","0.78%","2025-12-19T00:44:56Z"
"Aaron","Rodgers","PIT","PIT vs. DET","17.04","17.04","21.10","232.69","4.28","0.00","0.00","5.26%","0.14%","0.00%","0.86%","2025-12-21T20:43:40Z"
"J.J.","McCarthy","MIN","MIN vs. NYG","16.47","16.47","16.92","193.64","16.94","0.00","0.00","19.32%","2.00%","0.14%","4.18%","2025-12-21T17:48:31Z"
"Kirk","Cousins","ATL","ATL vs. ARI","16.21","16.21","20.42","232.77","1.58","0.00","0.00","3.52%","0.06%","0.00%","0.64%","2025-12-21T20:43:40Z"
"Drake","London","ATL","ATL vs. ARI","16.13","13.61","0.00","0.00","0.25","5.04","72.29","40.61%","9.67%","1.60%","9.33%","2025-12-21T20:43:40Z"
"Javonte","Williams","DAL","LAC vs. DAL","16.12","15.02","0.00","0.00","73.22","2.22","13.78","52.74%","17.32%","4.04%","12.41%","2025-12-21T17:48:31Z"
"Sam","Darnold","SEA","LA vs. SEA","16.07","16.07","19.71","228.49","6.96","0.00","0.00","7.22%","0.27%","0.01%","1.46%","2025-12-19T00:44:57Z"
"Nico","Collins","HOU","LV vs. HOU","15.91","13.60","0.00","0.00","0.98","4.63","71.91","42.07%","10.44%","1.81%","12.40%","2025-12-21T20:43:41Z"
"Gardner","Minshew","KC","KC vs. TEN","15.79","15.79","20.35","219.05","9.07","0.00","0.00","12.82%","0.86%","0.04%","2.65%","2025-12-21T17:48:32Z"
"George","Kittle","SF","SF vs. IND","15.63","12.94","0.00","0.00","0.00","5.37","66.30","40.36%","9.54%","1.57%","9.15%","2025-12-22T15:22:26Z"
"Jameson","Williams","DET","PIT vs. DET","15.37","13.21","0.00","0.00","2.51","4.32","72.27","37.87%","8.30%","1.26%","7.49%","2025-12-21T20:43:40Z"
"A.J.","Brown","PHI","PHI vs. WAS","15.36","13.00","0.00","0.00","0.00","4.71","68.09","41.56%","10.17%","1.74%","9.45%","2025-12-20T21:32:59Z"
"Chris","Olave","NO","NYJ vs. NO","15.35","12.75","0.00","0.00","0.38","5.22","70.49","32.66%","6.03%","0.77%","8.23%","2025-12-21T17:48:31Z"
"George","Pickens","DAL","LAC vs. DAL","15.32","12.93","0.00","0.00","0.74","4.79","68.71","38.53%","8.62%","1.34%","8.05%","2025-12-21T17:48:31Z"
"Mike","Evans","TB","TB vs. CAR","15.30","13.11","0.00","0.00","0.00","4.37","67.72","44.80%","12.00%","2.25%","10.01%","2025-12-21T17:48:31Z"
"Tee","Higgins","CIN","CIN vs. MIA","15.11","12.93","0.00","0.00","0.33","4.35","62.03","48.94%","14.62%","3.08%","11.83%","2025-12-21T17:48:32Z"
"Bucky","Irving","TB","TB vs. CAR","15.09","13.79","0.00","0.00","67.37","2.58","20.00","41.12%","9.93%","1.67%","8.92%","2025-12-21T17:48:31Z"
"Josh","Jacobs","GB","GB vs. CHI","14.89","13.89","0.00","0.00","63.23","1.99","14.87","53.77%","18.10%","4.34%","11.91%","2025-12-21T00:46:04Z"
"RJ","Harvey","DEN","JAX vs. DEN","14.79","13.43","0.00","0.00","53.70","2.73","19.37","52.27%","16.96%","3.91%","12.79%","2025-12-21T20:43:40Z"
"Zay","Flowers","BAL","NE vs. BAL","14.75","12.40","0.00","0.00","3.01","4.71","68.30","32.03%","5.79%","0.72%","5.78%","2025-12-22T01:18:55Z"
"Quinshon","Judkins","CLE","BUF vs. CLE","14.64","13.54","0.00","0.00","62.45","2.20","16.09","49.68%","15.12%","3.25%","10.62%","2025-12-21T17:48:31Z"
"Travis","Etienne","JAX","JAX vs. DEN","14.42","13.34","0.00","0.00","60.89","2.17","17.26","48.65%","14.43%","3.02%","12.06%","2025-12-21T20:43:40Z"
"DK","Metcalf","PIT","PIT vs. DET","14.22","12.08","0.00","0.00","0.21","4.29","66.23","36.55%","7.69%","1.12%","7.21%","2025-12-21T20:43:41Z"
"Courtland","Sutton","DEN","JAX vs. DEN","14.19","11.95","0.00","0.00","0.00","4.49","65.65","34.98%","6.99%","0.97%","7.45%","2025-12-21T20:43:40Z"
"Kenneth","Gainwell","PIT","PIT vs. DET","14.16","12.07","0.00","0.00","34.46","4.18","30.32","42.80%","10.85%","1.92%","8.85%","2025-12-21T20:43:40Z"
"Chase","Brown","CIN","CIN vs. MIA","14.10","12.29","0.00","0.00","51.97","3.61","25.32","33.84%","6.51%","0.86%","7.27%","2025-12-21T17:48:32Z"
"Michael","Carter","ARI","ATL vs. ARI","14.00","12.44","0.00","0.00","52.24","3.13","23.45","35.09%","7.04%","0.98%","7.62%","2025-12-21T20:43:40Z"
"Tetairoa","McMillan","CAR","TB vs. CAR","13.97","11.78","0.00","0.00","0.54","4.38","61.84","38.00%","8.36%","1.28%","8.43%","2025-12-21T17:48:31Z"
"Michael","Wilson","ARI","ATL vs. ARI","13.95","11.60","0.00","0.00","0.33","4.71","61.59","34.53%","6.80%","0.93%","7.47%","2025-12-21T20:43:40Z"
"Justin","Jefferson","MIN","MIN vs. NYG","13.75","11.53","0.00","0.00","0.23","4.44","63.14","33.56%","6.39%","0.84%","7.97%","2025-12-21T17:48:32Z"
"Ashton","Jeanty","LV","LV vs. HOU","13.74","11.90","0.00","0.00","48.73","3.67","23.76","35.17%","7.07%","0.98%","8.54%","2025-12-21T20:43:41Z"
"Rico","Dowdle","CAR","TB vs. CAR","13.69","12.51","0.00","0.00","59.38","2.36","17.22","41.74%","10.27%","1.76%","9.52%","2025-12-21T17:48:31Z"
"DeVonta","Smith","PHI","PHI vs. WAS","13.65","11.45","0.00","0.00","0.12","4.39","62.63","33.87%","6.52%","0.87%","7.28%","2025-12-20T21:32:59Z"
"Kyren","Williams","LA","LA vs. SEA","13.57","12.57","0.00","0.00","61.83","2.00","15.05","44.04%","11.55%","2.12%","10.35%","2025-12-19T00:44:57Z"
"Jauan","Jennings","SF","SF vs. IND","13.51","11.31","0.00","0.00","0.00","4.40","59.17","36.62%","7.72%","1.13%","8.07%","2025-12-22T15:22:26Z"
"Breece","Hall","NYJ","NYJ vs. NO","13.38","12.29","0.00","0.00","67.17","2.18","16.86","31.40%","5.54%","0.67%","7.85%","2025-12-21T17:48:31Z"
"Wan'Dale","Robinson","NYG","MIN vs. NYG","13.30","10.79","0.00","0.00","1.07","5.03","56.84","29.36%","4.81%","0.54%","6.36%","2025-12-21T17:48:32Z"
"Brady","Cook","NYJ","NYJ vs. NO","13.29","13.29","16.57","171.92","19.48","0.00","0.00","10.01%","0.52%","0.02%","2.20%","2025-12-21T17:48:31Z"
"Jakobi","Meyers","JAX","JAX vs. DEN","13.10","10.82","0.00","0.00","1.24","4.56","59.71","28.24%","4.43%","0.48%","6.00%","2025-12-21T20:43:40Z"
"D'Andre","Swift","CHI","GB vs. CHI","13.10","11.98","0.00","0.00","59.56","2.23","17.71","37.01%","7.90%","1.17%","8.49%","2025-12-21T00:46:03Z"
"Cam","Ward","TEN","KC vs. TEN","13.03","13.03","18.89","188.55","11.12","0.00","0.00","10.47%","0.57%","0.02%","2.89%","2025-12-21T17:48:32Z"
"Jaylen","Waddle","MIA","CIN vs. MIA","12.95","10.95","0.00","0.00","0.30","4.00","57.34","37.00%","7.89%","1.17%","7.39%","2025-12-21T17:48:32Z"
"Shedeur","Sanders","CLE","BUF vs. CLE","12.91","12.91","16.66","183.11","15.25","0.00","0.00","9.59%","0.48%","0.02%","1.56%","2025-12-21T17:48:31Z"
"Omarion","Hampton","LAC","LAC vs. DAL","12.88","11.94","0.00","0.00","56.04","1.88","14.07","45.77%","12.59%","2.43%","8.99%","2025-12-21T17:48:31Z"
"Ladd","McConkey","LAC","LAC vs. DAL","12.87","10.86","0.00","0.00","0.49","4.02","54.16","39.64%","9.17%","1.48%","7.42%","2025-12-21T17:48:31Z"
"Quinn","Ewers","MIA","CIN vs. MIA","12.85","12.85","17.33","189.98","10.62","0.00","0.00","10.57%","0.58%","0.02%","1.79%","2025-12-21T17:48:32Z"
"Kyle","Pitts","ATL","ATL vs. ARI","12.85","10.51","0.00","0.00","0.00","4.69","55.03","32.68%","6.04%","0.77%","7.08%","2025-12-21T20:43:40Z"
"Geno","Smith","LV","LV vs. HOU","12.73","12.73","19.33","188.67","11.39","0.00","0.00","5.98%","0.18%","0.00%","1.21%","2025-12-21T20:43:41Z"
"TreVeyon","Henderson","NE","NE vs. BAL","12.69","11.57","0.00","0.00","51.39","2.23","17.41","42.48%","10.67%","1.87%","8.71%","2025-12-22T01:18:55Z"
"Harold","Fannin","CLE","BUF vs. CLE","12.54","10.17","0.00","0.00","1.10","4.73","53.11","29.68%","4.92%","0.56%","5.45%","2025-12-21T17:48:31Z"
"Brock","Bowers","LV","LV vs. HOU","12.22","9.84","0.00","0.00","0.16","4.77","51.86","28.42%","4.49%","0.49%","6.59%","2025-12-21T20:43:41Z"
"Terry","McLaurin","WAS","PHI vs. WAS","12.21","10.27","0.00","0.00","0.28","3.87","57.62","30.05%","5.05%","0.58%","6.54%","2025-12-20T21:32:59Z"
"Tyrone","Tracy","NYG","MIN vs. NYG","12.15","11.06","0.00","0.00","55.93","2.18","16.88","32.71%","6.05%","0.77%","7.25%","2025-12-21T17:48:32Z"
"Aaron","Jones","MIN","MIN vs. NYG","12.09","10.84","0.00","0.00","54.63","2.49","19.02","27.12%","4.07%","0.42%","6.17%","2025-12-21T17:48:31Z"
"DJ","Moore","CHI","GB vs. CHI","12.07","10.21","0.00","0.00","6.21","3.72","49.54","34.07%","6.60%","0.88%","7.66%","2025-12-21T00:46:04Z"
"Audric","Estime","NO","NYJ vs. NO","11.83","10.71","0.00","0.00","43.50","2.25","16.30","43.44%","11.21%","2.03%","11.86%","2025-12-21T17:48:31Z"
"Deebo","Samuel","WAS","PHI vs. WAS","11.83","9.59","0.00","0.00","4.61","4.46","48.32","26.29%","3.81%","0.38%","5.59%","2025-12-20T21:32:59Z"
"Xavier","Worthy","KC","KC vs. TEN","11.76","9.81","0.00","0.00","6.24","3.90","48.22","30.20%","5.11%","0.59%","6.95%","2025-12-21T17:48:32Z"
"Travis","Kelce","KC","KC vs. TEN","11.72","9.50","0.00","0.00","0.15","4.44","51.17","27.41%","4.15%","0.43%","6.19%","2025-12-21T17:48:32Z"
"Christian","Watson","GB","GB vs. CHI","11.58","10.04","0.00","0.00","0.15","3.08","56.75","33.29%","6.28%","0.82%","6.25%","2025-12-21T00:46:04Z"
"Philip","Rivers","IND","SF vs. IND","11.56","11.56","18.13","180.31","2.05","0.00","0.00","3.50%","0.06%","0.00%","0.61%","2025-12-22T15:22:26Z"
"Keenan","Allen","LAC","LAC vs. DAL","11.31","9.40","0.00","0.00","0.15","3.81","44.97","36.92%","7.86%","1.16%","6.77%","2025-12-21T17:48:31Z"
"Stefon","Diggs","NE","NE vs. BAL","11.26","9.15","0.00","0.00","0.31","4.23","48.16","27.57%","4.21%","0.44%","5.08%","2025-12-22T01:18:55Z"
"Khalil","Shakir","BUF","BUF vs. CLE","11.22","9.18","0.00","0.00","0.43","4.08","44.96","32.81%","6.09%","0.78%","6.39%","2025-12-21T17:48:31Z"
"Marvin","Harrison","ARI","ATL vs. ARI","11.13","9.37","0.00","0.00","0.51","3.53","51.53","29.56%","4.88%","0.55%","6.18%","2025-12-21T20:43:40Z"
"Jaylen","Warren","PIT","PIT vs. DET","11.06","9.96","0.00","0.00","44.70","2.20","15.68","35.57%","7.25%","1.02%","6.97%","2025-12-21T20:43:40Z"
"Dalton","Schultz","HOU","LV vs. HOU","11.00","8.85","0.00","0.00","0.00","4.30","45.19","28.18%","4.41%","0.47%","7.52%","2025-12-21T20:43:41Z"
"Kenneth","Walker","SEA","LA vs. SEA","11.00","10.04","0.00","0.00","50.15","1.92","14.67","32.29%","5.89%","0.74%","7.60%","2025-12-19T00:44:57Z"
"Tony","Pollard","TEN","KC vs. TEN","10.79","9.98","0.00","0.00","58.53","1.63","10.74","27.19%","4.09%","0.42%","8.28%","2025-12-21T17:48:32Z"
"Dallas","Goedert","PHI","PHI vs. WAS","10.65","8.76","0.00","0.00","0.00","3.79","42.91","33.18%","6.24%","0.81%","7.09%","2025-12-20T21:32:59Z"
"Jayden","Reed","GB","GB vs. CHI","10.63","8.86","0.00","0.00","4.28","3.53","44.75","28.06%","4.37%","0.47%","5.08%","2025-12-21T00:46:04Z"
"Colston","Loveland","CHI","GB vs. CHI","10.61","8.74","0.00","0.00","0.11","3.75","46.28","28.68%","4.57%","0.50%","6.21%","2025-12-21T00:46:04Z"
"Colby","Parkinson","LA","LA vs. SEA","10.47","8.44","0.00","0.00","0.00","4.05","41.09","30.59%","5.25%","0.62%","6.51%","2025-12-19T00:44:57Z"
"Brian","Thomas","JAX","JAX vs. DEN","10.40","8.74","0.00","0.00","0.15","3.31","49.54","26.58%","3.89%","0.39%","5.59%","2025-12-21T20:43:40Z"
"Adonai","Mitchell","NYJ","NYJ vs. NO","10.24","8.63","0.00","0.00","1.09","3.23","47.10","27.87%","4.31%","0.46%","6.81%","2025-12-21T17:48:31Z"
"Juwan","Johnson","NO","NYJ vs. NO","10.19","8.19","0.00","0.00","0.00","3.99","42.24","26.43%","3.85%","0.38%","6.39%","2025-12-21T17:48:31Z"
"Jake","Ferguson","DAL","LAC vs. DAL","10.18","8.10","0.00","0.00","0.00","4.17","39.09","28.12%","4.39%","0.47%","5.46%","2025-12-21T17:48:31Z"
"David","Montgomery","DET","PIT vs. DET","10.05","9.24","0.00","0.00","36.74","1.61","13.57","42.35%","10.60%","1.85%","8.66%","2025-12-21T20:43:40Z"
"Chris","Godwin","TB","TB vs. CAR","9.99","8.21","0.00","0.00","0.13","3.56","39.26","32.13%","5.82%","0.73%","6.53%","2025-12-21T17:48:31Z"
"Hunter","Henry","NE","NE vs. BAL","9.98","8.24","0.00","0.00","0.00","3.50","42.90","28.81%","4.62%","0.51%","5.35%","2025-12-22T01:18:55Z"
"Jalen","Coker","CAR","TB vs. CAR","9.96","8.25","0.00","0.00","0.00","3.41","44.88","26.63%","3.91%","0.39%","5.46%","2025-12-21T17:48:31Z"
"Tyler","Warren","IND","SF vs. IND","9.91","7.97","0.00","0.00","1.03","3.89","38.96","26.95%","4.01%","0.41%","5.38%","2025-12-22T15:22:26Z"
"Kyle","Monangai","CHI","GB vs. CHI","9.74","9.15","0.00","0.00","50.00","1.17","7.61","34.94%","6.97%","0.96%","7.90%","2025-12-21T00:46:03Z"
"Mark","Andrews","BAL","NE vs. BAL","9.63","8.08","0.00","0.00","1.29","3.10","35.65","36.82%","7.81%","1.15%","6.88%","2025-12-22T01:18:55Z"
"Nick","Chubb","HOU","LV vs. HOU","9.60","9.11","0.00","0.00","52.59","0.98","5.58","34.14%","6.63%","0.89%","9.48%","2025-12-21T20:43:41Z"
"Jordan","Addison","MIN","MIN vs. NYG","9.58","8.19","0.00","0.00","0.95","2.78","43.85","29.86%","4.98%","0.57%","6.91%","2025-12-21T17:48:32Z"
"Hollywood","Brown","KC","KC vs. TEN","9.58","7.96","0.00","0.00","0.13","3.24","41.82","28.10%","4.38%","0.47%","6.37%","2025-12-21T17:48:32Z"
"Kimani","Vidal","LAC","LAC vs. DAL","9.57","8.78","0.00","0.00","40.52","1.57","12.94","34.22%","6.67%","0.90%","6.15%","2025-12-21T17:48:31Z"
"Brenton","Strange","JAX","JAX vs. DEN","9.48","7.63","0.00","0.00","0.00","3.69","42.84","20.29%","2.21%","0.16%","4.10%","2025-12-21T20:43:40Z"
"Oronde","Gadsden","LAC","LAC vs. DAL","9.47","7.81","0.00","0.00","0.00","3.33","42.86","24.78%","3.36%","0.31%","4.18%","2025-12-21T17:48:31Z"
"Rhamondre","Stevenson","NE","NE vs. BAL","9.41","8.28","0.00","0.00","29.64","2.27","19.22","30.27%","5.13%","0.60%","5.67%","2025-12-22T01:18:55Z"
"Emeka","Egbuka","TB","TB vs. CAR","9.38","7.84","0.00","0.00","0.59","3.09","40.73","28.37%","4.47%","0.48%","5.62%","2025-12-21T17:48:31Z"
"Jayden","Higgins","HOU","LV vs. HOU","9.23","7.60","0.00","0.00","0.00","3.25","40.93","24.96%","3.41%","0.32%","6.52%","2025-12-21T20:43:41Z"
"Quentin","Johnston","LAC","LAC vs. DAL","9.22","7.79","0.00","0.00","0.62","2.86","36.16","34.39%","6.74%","0.91%","6.19%","2025-12-21T17:48:31Z"
"Mack","Hollins","NE","NE vs. BAL","9.19","7.59","0.00","0.00","0.16","3.21","42.96","22.05%","2.63%","0.21%","3.92%","2025-12-22T01:18:55Z"
"AJ","Barner","SEA","LA vs. SEA","9.18","7.41","0.00","0.00","2.28","3.55","34.49","26.93%","4.01%","0.41%","6.12%","2025-12-19T00:44:57Z"
"Rashid","Shaheed","SEA","LA vs. SEA","9.16","7.70","0.00","0.00","4.12","2.92","41.43","21.88%","2.59%","0.21%","4.81%","2025-12-19T00:44:57Z"
"Michael","Pittman","IND","SF vs. IND","9.08","7.30","0.00","0.00","0.20","3.56","38.59","22.02%","2.62%","0.21%","4.26%","2025-12-22T15:22:26Z"
"John","Metchie","NYJ","NYJ vs. NO","9.05","7.34","0.00","0.00","0.78","3.43","36.46","25.70%","3.63%","0.35%","6.19%","2025-12-21T17:48:31Z"
"Jordan","Mason","MIN","MIN vs. NYG","8.94","8.62","0.00","0.00","49.61","0.64","4.34","36.26%","7.55%","1.09%","8.78%","2025-12-21T17:48:31Z"
"Darren","Waller","MIA","CIN vs. MIA","8.90","7.41","0.00","0.00","0.00","2.96","34.97","32.55%","5.99%","0.76%","6.30%","2025-12-21T17:48:32Z"
"Theo","Johnson","NYG","MIN vs. NYG","8.88","7.28","0.00","0.00","0.00","3.20","38.13","25.58%","3.59%","0.35%","5.41%","2025-12-21T17:48:32Z"
"Chimere","Dike","TEN","KC vs. TEN","8.84","7.12","0.00","0.00","2.03","3.45","34.29","24.12%","3.17%","0.29%","7.20%","2025-12-21T17:48:32Z"
"Kareem","Hunt","KC","KC vs. TEN","8.82","8.09","0.00","0.00","31.58","1.46","11.82","38.73%","8.71%","1.36%","9.46%","2025-12-21T17:48:32Z"
"Dalton","Kincaid","BUF","BUF vs. CLE","8.78","7.27","0.00","0.00","0.00","3.02","38.34","26.19%","3.78%","0.37%","4.88%","2025-12-21T17:48:31Z"
"Pat","Bryant","DEN","JAX vs. DEN","8.67","7.16","0.00","0.00","0.03","3.02","40.50","21.36%","2.46%","0.19%","4.16%","2025-12-21T20:43:40Z"
"Romeo","Doubs","GB","GB vs. CHI","8.59","7.20","0.00","0.00","0.14","2.80","37.52","27.04%","4.04%","0.41%","4.87%","2025-12-21T00:46:04Z"
"Chuba","Hubbard","CAR","TB vs. CAR","8.46","7.41","0.00","0.00","33.02","2.09","15.49","21.25%","2.44%","0.19%","4.21%","2025-12-21T17:48:31Z"
"Cooper","Kupp","SEA","LA vs. SEA","8.45","6.86","0.00","0.00","0.13","3.17","38.19","19.43%","2.02%","0.14%","4.21%","2025-12-19T00:44:57Z"
"Josh","Downs","IND","SF vs. IND","8.40","6.68","0.00","0.00","0.12","3.45","33.71","21.82%","2.57%","0.21%","4.22%","2025-12-22T15:22:26Z"
"Tyjae","Spears","TEN","KC vs. TEN","8.28","6.92","0.00","0.00","18.84","2.72","19.32","24.20%","3.20%","0.29%","7.23%","2025-12-21T17:48:32Z"
"Chris","Rodriguez","WAS","PHI vs. WAS","8.27","7.96","0.00","0.00","45.50","0.62","4.91","33.48%","6.36%","0.83%","7.47%","2025-12-20T21:32:59Z"
"Darius","Slayton","NYG","MIN vs. NYG","8.26","6.91","0.00","0.00","0.13","2.69","41.67","18.39%","1.81%","0.12%","3.72%","2025-12-21T17:48:32Z"
"Olamide","Zaccheaus","CHI","GB vs. CHI","8.21","6.64","0.00","0.00","0.65","3.14","33.29","23.14%","2.91%","0.25%","4.84%","2025-12-21T00:46:03Z"
"Parker","Washington","JAX","JAX vs. DEN","8.20","6.82","0.00","0.00","1.97","2.76","37.10","20.87%","2.35%","0.18%","4.23%","2025-12-21T20:43:40Z"
"Kayshon","Boutte","NE","NE vs. BAL","8.16","6.93","0.00","0.00","0.11","2.46","38.33","25.02%","3.43%","0.32%","4.53%","2025-12-22T01:18:55Z"
"Zach","Charbonnet","SEA","LA vs. SEA","8.14","7.59","0.00","0.00","36.65","1.08","7.69","34.20%","6.66%","0.90%","8.16%","2025-12-19T00:44:57Z"
"Tyler","Allgeier","ATL","ATL vs. ARI","8.04","7.56","0.00","0.00","34.70","0.96","6.14","38.30%","8.51%","1.31%","8.64%","2025-12-21T20:43:40Z"
"Troy","Franklin","DEN","JAX vs. DEN","7.98","6.63","0.00","0.00","0.66","2.70","34.40","24.41%","3.26%","0.30%","4.84%","2025-12-21T20:43:40Z"
"Blake","Corum","LA","LA vs. SEA","7.97","7.54","0.00","0.00","43.63","0.86","6.02","28.12%","4.39%","0.47%","5.89%","2025-12-19T00:44:57Z"
"Samaje","Perine","CIN","CIN vs. MIA","7.88","7.26","0.00","0.00","37.45","1.26","8.48","26.12%","3.75%","0.37%","5.33%","2025-12-21T17:48:32Z"
"Isiah","Pacheco","KC","KC vs. TEN","7.75","7.19","0.00","0.00","38.76","1.11","7.27","27.49%","4.18%","0.44%","6.21%","2025-12-21T17:48:32Z"
"T.J.","Hockenson","MIN","MIN vs. NYG","7.71","6.19","0.00","0.00","0.00","3.04","31.02","22.17%","2.66%","0.22%","4.89%","2025-12-21T17:48:32Z"
"Tre","Tucker","LV","LV vs. HOU","7.70","6.34","0.00","0.00","2.71","2.72","34.23","17.98%","1.72%","0.11%","3.90%","2025-12-21T20:43:41Z"
"Jawhar","Jordan","HOU","LV vs. HOU","7.57","6.93","0.00","0.00","33.90","1.27","9.12","27.71%","4.25%","0.45%","7.37%","2025-12-21T20:43:41Z"
"Malik","Washington","MIA","CIN vs. MIA","7.49","6.18","0.00","0.00","9.44","2.61","23.91","21.88%","2.59%","0.21%","3.95%","2025-12-21T17:48:32Z"
"Evan","Hull","NO","NYJ vs. NO","7.48","6.83","0.00","0.00","29.15","1.29","9.31","31.98%","5.77%","0.72%","8.02%","2025-12-21T17:48:31Z"
"Ryan","Flournoy","DAL","LAC vs. DAL","7.44","6.02","0.00","0.00","0.00","2.83","33.19","18.15%","1.76%","0.12%","3.32%","2025-12-21T17:48:31Z"
"Jerry","Jeudy","CLE","BUF vs. CLE","7.36","6.09","0.00","0.00","0.40","2.55","35.12","17.38%","1.61%","0.10%","2.95%","2025-12-21T17:48:31Z"
"Isaiah","Likely","BAL","NE vs. BAL","7.25","6.01","0.00","0.00","0.00","2.48","29.60","25.30%","3.51%","0.33%","4.37%","2025-12-22T01:18:55Z"
"Evan","Engram","DEN","JAX vs. DEN","6.97","5.47","0.00","0.00","0.00","3.00","28.77","16.12%","1.37%","0.08%","3.04%","2025-12-21T20:43:40Z"
"Isaiah","Williams","NYJ","NYJ vs. NO","6.92","5.58","0.00","0.00","3.22","2.68","26.34","18.60%","1.85%","0.12%","4.29%","2025-12-21T17:48:31Z"
"Elic","Ayomanor","TEN","KC vs. TEN","6.91","5.71","0.00","0.00","0.19","2.41","29.90","21.08%","2.40%","0.19%","6.18%","2025-12-21T17:48:32Z"
"Darnell","Mooney","ATL","ATL vs. ARI","6.85","5.71","0.00","0.00","0.14","2.28","32.11","18.92%","1.91%","0.13%","3.75%","2025-12-21T20:43:40Z"
"Emari","Demercado","ARI","ATL vs. ARI","6.85","5.88","0.00","0.00","21.70","1.93","14.57","18.65%","1.86%","0.13%","3.64%","2025-12-21T20:43:40Z"
"Ty","Johnson","BUF","BUF vs. CLE","6.79","5.84","0.00","0.00","13.69","1.90","15.56","27.36%","4.14%","0.43%","5.13%","2025-12-21T17:48:31Z"
"Mike","Gesicki","CIN","CIN vs. MIA","6.71","5.39","0.00","0.00","0.00","2.65","29.12","16.86%","1.51%","0.09%","3.25%","2025-12-21T17:48:32Z"
"Xavier","Legette","CAR","TB vs. CAR","6.63","5.45","0.00","0.00","0.52","2.37","27.94","20.06%","2.16%","0.16%","3.95%","2025-12-21T17:48:31Z"
"Darnell","Washington","PIT","PIT vs. DET","6.63","5.30","0.00","0.00","0.00","2.65","28.01","17.31%","1.59%","0.10%","3.01%","2025-12-21T20:43:41Z"
"Cade","Otton","TB","TB vs. CAR","6.58","5.23","0.00","0.00","0.00","2.69","26.14","18.57%","1.84%","0.12%","3.46%","2025-12-21T17:48:31Z"
"Gunnar","Helm","TEN","KC vs. TEN","6.53","5.13","0.00","0.00","0.09","2.80","26.98","15.11%","1.20%","0.06%","4.27%","2025-12-21T17:48:32Z"
"Cole","Kmet","CHI","GB vs. CHI","6.43","5.24","0.00","0.00","0.00","2.40","27.41","18.53%","1.83%","0.12%","3.77%","2025-12-21T00:46:04Z"
"Kendrick","Bourne","SF","SF vs. IND","6.40","5.26","0.00","0.00","0.00","2.28","29.85","16.35%","1.42%","0.08%","3.16%","2025-12-22T15:22:26Z"
"JuJu","Smith-Schuster","KC","KC vs. TEN","6.38","5.12","0.00","0.00","0.11","2.52","26.32","17.77%","1.68%","0.11%","3.78%","2025-12-21T17:48:32Z"
"Rashod","Bateman","BAL","NE vs. BAL","6.34","5.37","0.00","0.00","0.00","1.95","26.69","24.27%","3.22%","0.29%","4.16%","2025-12-22T01:18:55Z"
"Jalen","Nailor","MIN","MIN vs. NYG","6.21","5.27","0.00","0.00","0.11","1.88","27.48","22.40%","2.72%","0.23%","4.94%","2025-12-21T17:48:32Z"
"Jalen","McMillan","TB","TB vs. CAR","6.16","5.22","0.00","0.00","0.00","1.88","25.76","23.60%","3.03%","0.27%","4.53%","2025-12-21T17:48:31Z"
"Devin","Singletary","NYG","MIN vs. NYG","6.13","5.68","0.00","0.00","30.15","0.90","4.47","24.59%","3.31%","0.30%","5.16%","2025-12-21T17:48:32Z"
"Andrei","Iosivas","CIN","CIN vs. MIA","6.09","5.07","0.00","0.00","0.51","2.04","23.11","23.97%","3.14%","0.28%","4.82%","2025-12-21T17:48:32Z"
"Chig","Okonkwo","TEN","KC vs. TEN","6.08","4.70","0.00","0.00","0.19","2.77","28.10","7.16%","0.26%","0.01%","1.94%","2025-12-21T17:48:32Z"
"Pat","Freiermuth","PIT","PIT vs. DET","6.01","4.86","0.00","0.00","0.00","2.31","23.94","19.15%","1.96%","0.14%","3.37%","2025-12-21T20:43:41Z"
"Mason","Tipton","NO","NYJ vs. NO","5.95","4.79","0.00","0.00","0.00","2.33","28.80","10.98%","0.63%","0.02%","2.42%","2025-12-21T17:48:31Z"
"Alec","Pierce","IND","SF vs. IND","5.94","4.97","0.00","0.00","0.00","1.93","27.85","17.52%","1.63%","0.10%","3.30%","2025-12-22T15:22:26Z"
"Joshua","Palmer","BUF","BUF vs. CLE","5.92","4.94","0.00","0.00","0.00","1.96","28.59","15.93%","1.34%","0.08%","2.79%","2025-12-21T17:48:31Z"
"Trayveon","Williams","CLE","BUF vs. CLE","5.90","5.22","0.00","0.00","17.79","1.37","9.43","25.57%","3.59%","0.34%","4.57%","2025-12-21T17:48:31Z"
"Jeremy","Ruckert","NYJ","NYJ vs. NO","5.89","4.62","0.00","0.00","0.00","2.55","22.21","16.76%","1.49%","0.09%","3.82%","2025-12-21T17:48:31Z"
"Van","Jefferson","TEN","KC vs. TEN","5.79","4.70","0.00","0.00","0.15","2.18","25.68","15.02%","1.19%","0.06%","4.25%","2025-12-21T17:48:32Z"
"Isaiah","Davis","NYJ","NYJ vs. NO","5.79","5.31","0.00","0.00","26.54","0.96","7.14","20.94%","2.36%","0.18%","4.90%","2025-12-21T17:48:31Z"
"Tre'","Harris","LAC","LAC vs. DAL","5.71","4.66","0.00","0.00","0.24","2.10","25.75","14.81%","1.16%","0.06%","2.36%","2025-12-21T17:48:31Z"
"Jack","Bech","LV","LV vs. HOU","5.68","4.49","0.00","0.00","0.60","2.38","25.01","10.88%","0.61%","0.02%","2.27%","2025-12-21T20:43:41Z"
"Malik","Davis","DAL","LAC vs. DAL","5.64","5.09","0.00","0.00","17.12","1.09","8.48","27.67%","4.24%","0.45%","5.36%","2025-12-21T17:48:31Z"
"Rachaad","White","TB","TB vs. CAR","5.62","4.77","0.00","0.00","14.47","1.70","11.85","18.79%","1.89%","0.13%","3.51%","2025-12-21T17:48:31Z"
"Dawson","Knox","BUF","BUF vs. CLE","5.54","4.53","0.00","0.00","0.00","2.02","22.02","19.50%","2.04%","0.14%","3.48%","2025-12-21T17:48:31Z"
"Brian","Robinson","SF","SF vs. IND","5.54","5.04","0.00","0.00","24.67","0.99","7.23","19.29%","1.99%","0.14%","3.79%","2025-12-22T15:22:26Z"
"Keaton","Mitchell","BAL","NE vs. BAL","5.50","5.04","0.00","0.00","27.08","0.92","5.51","19.25%","1.98%","0.14%","3.20%","2025-12-22T01:18:55Z"
"Luke","Musgrave","GB","GB vs. CHI","5.49","4.37","0.00","0.00","0.00","2.24","24.50","12.13%","0.77%","0.03%","2.00%","2025-12-21T00:46:04Z"
"Isaiah","Hodgins","NYG","MIN vs. NYG","5.43","4.49","0.00","0.00","0.00","1.88","20.61","21.73%","2.55%","0.20%","4.48%","2025-12-21T17:48:32Z"
"Marvin","Mims","DEN","JAX vs. DEN","5.34","4.42","0.00","0.00","5.10","1.84","20.25","14.25%","1.07%","0.05%","2.66%","2025-12-21T20:43:40Z"
"Tyler","Lockett","LV","LV vs. HOU","5.29","4.20","0.00","0.00","0.00","2.19","24.79","9.28%","0.44%","0.01%","1.92%","2025-12-21T20:43:41Z"
"Jacory","Croskey-Merritt","WAS","PHI vs. WAS","5.28","4.98","0.00","0.00","28.96","0.60","4.12","19.50%","2.04%","0.14%","3.97%","2025-12-20T21:32:59Z"
"Demarcus","Robinson","SF","SF vs. IND","5.21","4.35","0.00","0.00","0.00","1.72","24.54","15.37%","1.25%","0.07%","2.95%","2025-12-22T15:22:26Z"
"Terrance","Ferguson","LA","LA vs. SEA","5.20","4.38","0.00","0.00","0.00","1.65","25.72","14.70%","1.14%","0.06%","2.84%","2025-12-19T00:44:57Z"
"Kevin","Austin","NO","NYJ vs. NO","5.20","4.21","0.00","0.00","0.00","1.99","26.01","9.00%","0.42%","0.01%","1.96%","2025-12-21T17:48:31Z"
"Devin","Duvernay","CHI","GB vs. CHI","5.05","4.23","0.00","0.00","1.40","1.64","15.99","11.59%","0.70%","0.03%","2.26%","2025-12-21T00:46:04Z"
"Matthew","Golden","GB","GB vs. CHI","5.04","4.17","0.00","0.00","1.63","1.74","23.02","12.56%","0.82%","0.04%","2.07%","2025-12-21T00:46:04Z"
"David","Sills","ATL","ATL vs. ARI","5.02","4.08","0.00","0.00","0.13","1.87","21.29","15.04%","1.19%","0.06%","2.92%","2025-12-21T20:43:40Z"
"DeMario","Douglas","NE","NE vs. BAL","4.97","4.05","0.00","0.00","1.17","1.85","21.37","12.92%","0.87%","0.04%","2.18%","2025-12-22T01:18:55Z"
"Jaylen","Wright","MIA","CIN vs. MIA","4.88","4.35","0.00","0.00","18.07","1.06","6.62","19.30%","1.99%","0.14%","3.43%","2025-12-21T17:48:32Z"
"Isaiah","Bond","CLE","BUF vs. CLE","4.86","4.14","0.00","0.00","0.72","1.45","21.43","17.51%","1.63%","0.10%","2.98%","2025-12-21T17:48:31Z"
"Emanuel","Wilson","GB","GB vs. CHI","4.82","4.55","0.00","0.00","24.37","0.53","3.72","21.14%","2.41%","0.19%","3.67%","2025-12-21T00:46:04Z"
"KaVontae","Turpin","DAL","LAC vs. DAL","4.81","3.96","0.00","0.00","5.71","1.71","16.99","12.44%","0.81%","0.04%","2.20%","2025-12-21T17:48:31Z"
"Xavier","Hutchinson","HOU","LV vs. HOU","4.81","3.97","0.00","0.00","3.63","1.68","19.30","12.66%","0.84%","0.04%","3.07%","2025-12-21T20:43:41Z"
"Ja'Tavion","Sanders","CAR","TB vs. CAR","4.76","3.75","0.00","0.00","0.00","2.03","18.99","12.72%","0.85%","0.04%","2.40%","2025-12-21T17:48:31Z"
"Konata","Mumpfield","LA","LA vs. SEA","4.62","3.78","0.00","0.00","0.00","1.68","20.50","13.27%","0.92%","0.04%","2.54%","2025-12-19T00:44:57Z"
"Jeremy","McNichols","WAS","PHI vs. WAS","4.62","3.89","0.00","0.00","11.40","1.46","10.99","13.84%","1.01%","0.05%","2.73%","2025-12-20T21:32:59Z"
"Noah","Gray","KC","KC vs. TEN","4.52","3.59","0.00","0.00","0.07","1.85","19.43","11.05%","0.63%","0.02%","2.26%","2025-12-21T17:48:32Z"
"Davis","Allen","LA","LA vs. SEA","4.47","3.52","0.00","0.00","0.00","1.91","18.44","11.17%","0.65%","0.03%","2.11%","2025-12-19T00:44:57Z"
"Jonnu","Smith","PIT","PIT vs. DET","4.47","3.59","0.00","0.00","0.33","1.77","16.08","15.95%","1.34%","0.08%","2.75%","2025-12-21T20:43:41Z"
"DeAndre","Hopkins","BAL","NE vs. BAL","4.44","3.67","0.00","0.00","0.00","1.55","18.85","15.22%","1.22%","0.07%","2.47%","2025-12-22T01:18:55Z"
"Dontayvion","Wicks","GB","GB vs. CHI","4.32","3.52","0.00","0.00","0.00","1.60","19.48","11.61%","0.70%","0.03%","1.91%","2025-12-21T00:46:04Z"
"Ben","Sinnott","WAS","PHI vs. WAS","4.30","3.45","0.00","0.00","0.00","1.71","17.53","12.82%","0.86%","0.04%","2.51%","2025-12-20T21:32:59Z"
"Michael","Mayer","LV","LV vs. HOU","4.30","3.33","0.00","0.00","0.00","1.95","16.81","10.37%","0.56%","0.02%","2.16%","2025-12-21T20:43:41Z"
"Jaleel","McLaughlin","DEN","JAX vs. DEN","4.19","3.80","0.00","0.00","17.61","0.77","4.36","17.03%","1.54%","0.09%","3.23%","2025-12-21T20:43:40Z"
"Rasheen","Ali","BAL","NE vs. BAL","4.18","3.51","0.00","0.00","7.40","1.35","10.08","16.26%","1.40%","0.08%","2.66%","2025-12-22T01:18:55Z"
"John","Bates","WAS","PHI vs. WAS","4.18","3.29","0.00","0.00","0.00","1.77","16.30","11.96%","0.75%","0.03%","2.33%","2025-12-20T21:32:59Z"
"Calvin","Austin","PIT","PIT vs. DET","4.17","3.40","0.00","0.00","0.49","1.53","16.59","13.94%","1.02%","0.05%","2.38%","2025-12-21T20:43:41Z"
"Isaac","TeSlaa","DET","PIT vs. DET","4.16","3.50","0.00","0.00","0.23","1.32","16.98","16.76%","1.49%","0.09%","2.89%","2025-12-21T20:43:40Z"
"Christian","Kirk","HOU","LV vs. HOU","4.14","3.34","0.00","0.00","0.28","1.61","15.80","13.92%","1.02%","0.05%","3.40%","2025-12-21T20:43:41Z"
"Sean","Tucker","TB","TB vs. CAR","4.05","3.90","0.00","0.00","16.58","0.31","2.26","25.96%","3.71%","0.36%","5.06%","2025-12-21T17:48:31Z"
"Treylon","Burks","WAS","PHI vs. WAS","4.05","3.35","0.00","0.00","0.60","1.38","18.94","10.96%","0.62%","0.02%","2.13%","2025-12-20T21:32:59Z"
"Cedric","Tillman","CLE","BUF vs. CLE","4.03","3.30","0.00","0.00","0.32","1.46","18.72","10.27%","0.55%","0.02%","1.68%","2025-12-21T17:48:31Z"
"John","FitzPatrick","GB","GB vs. CHI","3.99","3.08","0.00","0.00","0.00","1.82","15.52","9.61%","0.48%","0.02%","1.56%","2025-12-21T00:46:04Z"
"Greg","Dulcich","MIA","CIN vs. MIA","3.94","3.14","0.00","0.00","0.00","1.62","18.61","7.23%","0.27%","0.01%","1.20%","2025-12-21T17:48:32Z"
"Tutu","Atwell","LA","LA vs. SEA","3.93","3.20","0.00","0.00","0.24","1.45","18.67","8.89%","0.41%","0.01%","1.66%","2025-12-19T00:44:57Z"
"Jalen","Brooks","ARI","ATL vs. ARI","3.90","3.21","0.00","0.00","0.00","1.39","18.28","10.44%","0.56%","0.02%","1.94%","2025-12-21T20:43:40Z"
"Marquez","Valdes-Scantling","PIT","PIT vs. DET","3.87","3.22","0.00","0.00","0.00","1.31","18.69","10.53%","0.57%","0.02%","1.76%","2025-12-21T20:43:41Z"
"Brandin","Cooks","BUF","BUF vs. CLE","3.87","3.21","0.00","0.00","0.00","1.31","15.60","14.99%","1.18%","0.06%","2.61%","2025-12-21T17:48:31Z"
"LeQuint","Allen","JAX","JAX vs. DEN","3.87","3.37","0.00","0.00","13.00","1.00","4.69","16.23%","1.40%","0.08%","3.20%","2025-12-21T20:43:40Z"
"Adam","Thielen","PIT","PIT vs. DET","3.84","3.07","0.00","0.00","0.00","1.55","16.17","10.26%","0.54%","0.02%","1.72%","2025-12-21T20:43:41Z"
"Tommy","Tremble","CAR","TB vs. CAR","3.83","3.04","0.00","0.00","0.00","1.57","14.07","13.05%","0.89%","0.04%","2.46%","2025-12-21T17:48:31Z"
"Jaylin","Lane","WAS","PHI vs. WAS","3.64","2.99","0.00","0.00","0.59","1.29","16.77","9.49%","0.47%","0.02%","1.83%","2025-12-20T21:32:59Z"
"Tyler","Badie","DEN","JAX vs. DEN","3.64","2.99","0.00","0.00","8.04","1.30","7.58","11.88%","0.74%","0.03%","2.19%","2025-12-21T20:43:40Z"
"Dante","Pettis","NO","NYJ vs. NO","3.58","2.96","0.00","0.00","0.00","1.23","14.65","13.35%","0.93%","0.04%","2.98%","2025-12-21T17:48:31Z"
"Elijah","Higgins","ARI","ATL vs. ARI","3.55","2.79","0.00","0.00","0.00","1.54","13.67","10.14%","0.53%","0.02%","1.88%","2025-12-21T20:43:40Z"
"Kalif","Raymond","DET","PIT vs. DET","3.53","2.83","0.00","0.00","0.31","1.41","14.43","9.52%","0.47%","0.02%","1.57%","2025-12-21T20:43:40Z"
"Jahan","Dotson","PHI","PHI vs. WAS","3.51","2.88","0.00","0.00","0.00","1.26","15.19","11.29%","0.66%","0.03%","2.11%","2025-12-20T21:32:59Z"
"Daniel","Bellinger","NYG","MIN vs. NYG","3.49","2.81","0.00","0.00","0.00","1.36","15.04","9.78%","0.49%","0.02%","1.88%","2025-12-21T17:48:32Z"
"Lil'Jordan","Humphrey","DEN","JAX vs. DEN","3.48","2.79","0.00","0.00","0.00","1.38","14.09","10.62%","0.58%","0.02%","1.94%","2025-12-21T20:43:40Z"
"Gage","Larvadain","CLE","BUF vs. CLE","3.45","2.82","0.00","0.00","0.00","1.26","12.65","14.27%","1.07%","0.05%","2.38%","2025-12-21T17:48:31Z"
"Taysom","Hill","NO","NYJ vs. NO","3.39","3.07","0.00","0.00","12.60","0.65","5.84","13.79%","1.00%","0.05%","3.09%","2025-12-21T17:48:31Z"
"Tyrell","Shavers","BUF","BUF vs. CLE","3.27","2.68","0.00","0.00","0.00","1.18","11.84","13.85%","1.01%","0.05%","2.39%","2025-12-21T17:48:31Z"
"Shane","Zylstra","DET","PIT vs. DET","3.24","2.62","0.00","0.00","0.00","1.24","11.87","12.54%","0.82%","0.04%","2.11%","2025-12-21T20:43:40Z"
"Anthony","Firkser","DET","PIT vs. DET","3.24","2.56","0.00","0.00","0.00","1.37","13.60","8.11%","0.34%","0.01%","1.33%","2025-12-21T20:43:40Z"
"Tim","Patrick","JAX","JAX vs. DEN","3.22","2.61","0.00","0.00","0.00","1.21","14.90","8.07%","0.33%","0.01%","1.52%","2025-12-21T20:43:40Z"
"Brashard","Smith","KC","KC vs. TEN","3.18","2.72","0.00","0.00","7.52","0.92","6.77","12.79%","0.85%","0.04%","2.64%","2025-12-21T17:48:32Z"
"Ameer","Abdullah","IND","SF vs. IND","3.13","2.81","0.00","0.00","12.09","0.65","4.66","12.53%","0.82%","0.04%","2.29%","2025-12-22T15:22:26Z"
"Tanner","Hudson","CIN","CIN vs. MIA","3.10","2.44","0.00","0.00","0.00","1.32","12.19","8.90%","0.41%","0.01%","1.64%","2025-12-21T17:48:32Z"
"Chris","Brooks","GB","GB vs. CHI","2.93","2.36","0.00","0.00","4.78","1.14","8.20","7.73%","0.31%","0.01%","1.24%","2025-12-21T00:46:04Z"
"Austin","Hooper","NE","NE vs. BAL","2.80","2.23","0.00","0.00","0.00","1.15","12.69","6.18%","0.19%","0.00%","1.00%","2025-12-22T01:18:55Z"
"Jalen","Royals","KC","KC vs. TEN","2.78","2.29","0.00","0.00","0.01","0.98","12.38","8.75%","0.39%","0.01%","1.77%","2025-12-21T17:48:32Z"
"Foster","Moreau","NO","NYJ vs. NO","2.69","2.19","0.00","0.00","0.00","1.01","10.35","10.09%","0.53%","0.02%","2.21%","2025-12-21T17:48:31Z"
"Cade","Stover","HOU","LV vs. HOU","2.65","2.08","0.00","0.00","0.00","1.14","9.75","8.43%","0.37%","0.01%","2.00%","2025-12-21T20:43:41Z"
"Xavier","Smith","LA","LA vs. SEA","2.64","2.24","0.00","0.00","1.04","0.78","10.25","5.99%","0.18%","0.00%","1.10%","2025-12-19T00:44:57Z"
"Tank","Bigsby","PHI","PHI vs. WAS","2.60","2.53","0.00","0.00","15.67","0.14","1.06","11.83%","0.73%","0.03%","2.21%","2025-12-20T21:32:59Z"
"Ollie","Gordon","MIA","CIN vs. MIA","2.59","2.48","0.00","0.00","13.63","0.22","1.48","13.16%","0.91%","0.04%","2.26%","2025-12-21T17:48:32Z"
"Adam","Trautman","DEN","JAX vs. DEN","2.53","1.98","0.00","0.00","0.00","1.10","9.15","8.21%","0.35%","0.01%","1.48%","2025-12-21T20:43:40Z"
"Cedrick","Wilson","MIA","CIN vs. MIA","2.45","2.02","0.00","0.00","0.11","0.86","10.07","8.97%","0.41%","0.01%","1.50%","2025-12-21T17:48:32Z"
"Jaylin","Noel","HOU","LV vs. HOU","2.43","2.01","0.00","0.00","1.03","0.83","9.39","8.71%","0.39%","0.01%","2.07%","2025-12-21T20:43:41Z"
"Blake","Whiteheart","CLE","BUF vs. CLE","2.39","1.93","0.00","0.00","0.00","0.92","9.57","8.20%","0.35%","0.01%","1.32%","2025-12-21T17:48:31Z"
"Dont'e","Thornton","LV","LV vs. HOU","2.39","1.95","0.00","0.00","0.17","0.87","11.64","5.26%","0.14%","0.00%","1.06%","2025-12-21T20:43:41Z"
"Mitchell","Evans","CAR","TB vs. CAR","2.37","1.83","0.00","0.00","0.01","1.08","8.59","6.88%","0.24%","0.01%","1.26%","2025-12-21T17:48:31Z"
"Kyle","Juszczyk","SF","SF vs. IND","2.32","1.89","0.00","0.00","0.80","0.86","7.57","9.73%","0.49%","0.02%","1.81%","2025-12-22T15:22:26Z"
"Dare","Ogunbowale","HOU","LV vs. HOU","2.27","1.98","0.00","0.00","4.89","0.58","4.71","11.37%","0.67%","0.03%","2.74%","2025-12-21T20:43:41Z"
"Malachi","Corley","CLE","BUF vs. CLE","2.25","1.94","0.00","0.00","5.66","0.62","5.71","7.80%","0.31%","0.01%","1.26%","2025-12-21T17:48:31Z"
"Josh","Oliver","MIN","MIN vs. NYG","2.23","1.85","0.00","0.00","0.00","0.78","7.88","10.47%","0.57%","0.02%","2.15%","2025-12-21T17:48:32Z"
"Jackson","Hawes","BUF","BUF vs. CLE","2.17","1.80","0.00","0.00","0.00","0.75","8.27","9.39%","0.46%","0.01%","1.58%","2025-12-21T17:48:31Z"
"Julian","Hill","MIA","CIN vs. MIA","2.16","1.65","0.00","0.00","0.00","1.03","8.58","4.42%","0.10%","0.00%","0.72%","2025-12-21T17:48:32Z"
"Charlie","Kolar","BAL","NE vs. BAL","2.13","1.68","0.00","0.00","0.12","0.88","6.67","8.89%","0.41%","0.01%","1.39%","2025-12-22T01:18:55Z"
"Charlie","Woerner","ATL","ATL vs. ARI","2.12","1.61","0.00","0.00","0.00","1.02","7.02","6.35%","0.21%","0.00%","1.17%","2025-12-21T20:43:40Z"
"Jordan","Whittington","LA","LA vs. SEA","2.06","1.65","0.00","0.00","0.44","0.82","8.74","5.09%","0.13%","0.00%","0.93%","2025-12-19T00:44:57Z"
"Arian","Smith","NYJ","NYJ vs. NO","1.96","1.63","0.00","0.00","0.13","0.66","8.78","6.42%","0.21%","0.00%","1.38%","2025-12-21T17:48:31Z"
"Raheem","Mostert","LV","LV vs. HOU","1.94","1.73","0.00","0.00","7.53","0.43","2.76","7.55%","0.29%","0.01%","1.55%","2025-12-21T20:43:41Z"
"Jimmy","Horn","CAR","TB vs. CAR","1.94","1.63","0.00","0.00","2.48","0.62","6.61","6.49%","0.22%","0.00%","1.18%","2025-12-21T17:48:31Z"
"Devontez","Walker","BAL","NE vs. BAL","1.84","1.65","0.00","0.00","0.26","0.39","8.36","9.28%","0.44%","0.01%","1.46%","2025-12-22T01:18:55Z"
"Corey","Kiner","ARI","ATL vs. ARI","1.74","1.68","0.00","0.00","10.69","0.11","0.79","7.40%","0.28%","0.01%","1.35%","2025-12-21T20:43:40Z"
"Nate","Adkins","DEN","JAX vs. DEN","1.67","1.34","0.00","0.00","0.00","0.67","5.83","6.70%","0.23%","0.01%","1.20%","2025-12-21T20:43:40Z"
"Luke","Schoonmaker","DAL","LAC vs. DAL","1.64","1.18","0.00","0.00","0.00","0.92","4.81","3.88%","0.08%","0.00%","0.66%","2025-12-21T17:48:31Z"
"Ray","Davis","BUF","BUF vs. CLE","1.64","1.48","0.00","0.00","5.59","0.32","2.50","8.01%","0.33%","0.01%","1.34%","2025-12-21T17:48:31Z"
"Darius","Cooper","PHI","PHI vs. WAS","1.59","1.31","0.00","0.00","0.00","0.57","7.13","5.01%","0.13%","0.00%","0.90%","2025-12-20T21:32:59Z"
"KeAndre","Lambert-Smith","LAC","LAC vs. DAL","1.39","1.19","0.00","0.00","0.00","0.39","6.21","5.91%","0.18%","0.00%","0.90%","2025-12-21T17:48:31Z"
"Alec","Ingold","MIA","CIN vs. MIA","1.34","1.09","0.00","0.00","1.24","0.51","3.77","5.34%","0.15%","0.00%","0.88%","2025-12-21T17:48:32Z"
"Trent","Sherfield","ARI","ATL vs. ARI","1.30","1.06","0.00","0.00","0.00","0.48","5.42","4.47%","0.10%","0.00%","0.81%","2025-12-21T20:43:40Z"
"Brycen","Tremayne","CAR","TB vs. CAR","1.30","1.05","0.00","0.00","0.11","0.50","5.58","3.72%","0.07%","0.00%","0.67%","2025-12-21T17:48:31Z"
"Will","Shipley","PHI","PHI vs. WAS","1.27","1.05","0.00","0.00","1.63","0.44","3.62","4.90%","0.12%","0.00%","0.88%","2025-12-20T21:32:59Z"
"Luke","Farrell","SF","SF vs. IND","1.27","1.06","0.00","0.00","0.00","0.42","3.88","7.40%","0.28%","0.01%","1.36%","2025-12-22T15:22:26Z"
"Mecole","Hardman","BUF","BUF vs. CLE","1.25","1.06","0.00","0.00","1.53","0.38","4.11","4.91%","0.12%","0.00%","0.81%","2025-12-21T17:48:31Z"
"Tai","Felton","MIN","MIN vs. NYG","1.25","1.02","0.00","0.00","0.06","0.47","5.24","4.11%","0.09%","0.00%","0.82%","2025-12-21T17:48:31Z"
"Mitchell","Tinsley","CIN","CIN vs. MIA","1.24","1.05","0.00","0.00","0.10","0.38","5.38","5.02%","0.13%","0.00%","0.91%","2025-12-21T17:48:32Z"
"Chris","Moore","WAS","PHI vs. WAS","1.24","1.01","0.00","0.00","0.00","0.45","5.05","4.57%","0.11%","0.00%","0.86%","2025-12-20T21:32:59Z"
"Drew","Sample","CIN","CIN vs. MIA","1.23","0.96","0.00","0.00","0.00","0.54","4.15","4.46%","0.10%","0.00%","0.80%","2025-12-21T17:48:32Z"
"Will","Dissly","LAC","LAC vs. DAL","1.21","0.97","0.00","0.00","0.00","0.47","4.60","4.46%","0.10%","0.00%","0.67%","2025-12-21T17:48:31Z"
"Jahdae","Walker","CHI","GB vs. CHI","1.20","1.01","0.00","0.00","0.00","0.37","4.65","5.80%","0.17%","0.00%","1.10%","2025-12-21T00:46:04Z"
"Hunter","Luepke","DAL","LAC vs. DAL","1.19","0.99","0.00","0.00","1.73","0.40","3.14","4.76%","0.12%","0.00%","0.81%","2025-12-21T17:48:31Z"
"Dylan","Laube","LV","LV vs. HOU","1.10","1.00","0.00","0.00","4.43","0.20","1.26","5.27%","0.14%","0.00%","1.07%","2025-12-21T20:43:41Z"
"Kyle","Williams","NE","NE vs. BAL","1.09","0.95","0.00","0.00","0.10","0.28","5.44","4.14%","0.09%","0.00%","0.66%","2025-12-22T01:18:55Z"
"Connor","Heyward","PIT","PIT vs. DET","0.96","0.86","0.00","0.00","0.84","0.20","2.02","7.55%","0.29%","0.01%","1.24%","2025-12-21T20:43:41Z"
"Jelani","Woods","NYJ","NYJ vs. NO","0.94","0.77","0.00","0.00","0.00","0.35","3.92","3.26%","0.05%","0.00%","0.69%","2025-12-21T17:48:31Z"
"Mason","Kinsey","TEN","KC vs. TEN","0.94","0.76","0.00","0.00","0.00","0.36","4.24","2.54%","0.03%","0.00%","0.67%","2025-12-21T17:48:32Z"
"Stone","Smartt","NYJ","NYJ vs. NO","0.93","0.76","0.00","0.00","0.00","0.35","3.95","3.00%","0.05%","0.00%","0.63%","2025-12-21T17:48:31Z"
"Cody","White","SEA","LA vs. SEA","0.93","0.77","0.00","0.00","0.00","0.32","4.07","3.31%","0.06%","0.00%","0.66%","2025-12-19T00:44:57Z"
"Johnny","Mundt","JAX","JAX vs. DEN","0.92","0.75","0.00","0.00","0.00","0.34","3.39","3.94%","0.08%","0.00%","0.73%","2025-12-21T20:43:40Z"
"James","Proche","TEN","KC vs. TEN","0.91","0.74","0.00","0.00","0.28","0.34","3.89","2.58%","0.03%","0.00%","0.68%","2025-12-21T17:48:32Z"
"Tez","Johnson","TB","TB vs. CAR","0.91","0.77","0.00","0.00","0.11","0.28","3.68","3.95%","0.08%","0.00%","0.68%","2025-12-21T17:48:31Z"
"Raheim","Sanders","CLE","BUF vs. CLE","0.89","0.86","0.00","0.00","3.84","0.05","0.34","6.71%","0.23%","0.01%","1.07%","2025-12-21T17:48:31Z"
"Dee","Eskridge","MIA","CIN vs. MIA","0.85","0.72","0.00","0.00","0.87","0.25","3.25","3.00%","0.05%","0.00%","0.49%","2025-12-21T17:48:32Z"
"Skyy","Moore","SF","SF vs. IND","0.82","0.72","0.00","0.00","0.28","0.21","2.91","4.73%","0.11%","0.00%","0.86%","2025-12-22T15:22:26Z"
"Nikko","Remigio","KC","KC vs. TEN","0.81","0.68","0.00","0.00","0.00","0.27","3.63","2.90%","0.04%","0.00%","0.57%","2025-12-21T17:48:32Z"
"Xavier","Weaver","ARI","ATL vs. ARI","0.80","0.72","0.00","0.00","0.00","0.16","2.14","6.85%","0.24%","0.01%","1.25%","2025-12-21T20:43:40Z"
"Tyler","Goodson","IND","SF vs. IND","0.74","0.69","0.00","0.00","3.43","0.09","0.65","3.84%","0.07%","0.00%","0.67%","2025-12-22T15:22:26Z"
"Sione","Vaki","DET","PIT vs. DET","0.73","0.70","0.00","0.00","3.54","0.07","0.65","3.88%","0.08%","0.00%","0.62%","2025-12-21T20:43:40Z"
"Mo","Alie-Cox","IND","SF vs. IND","0.73","0.62","0.00","0.00","0.00","0.23","2.44","4.18%","0.09%","0.00%","0.73%","2025-12-22T15:22:26Z"
"Grant","Calcaterra","PHI","PHI vs. WAS","0.71","0.60","0.00","0.00","0.00","0.23","2.53","3.76%","0.07%","0.00%","0.67%","2025-12-20T21:32:59Z"
"Eric","Saubert","SEA","LA vs. SEA","0.71","0.59","0.00","0.00","0.00","0.24","2.40","3.67%","0.07%","0.00%","0.73%","2025-12-19T00:44:57Z"
"Julius","Chestnut","TEN","KC vs. TEN","0.67","0.61","0.00","0.00","2.39","0.12","0.99","3.38%","0.06%","0.00%","0.90%","2025-12-21T17:48:32Z"
"Trevor","Etienne","CAR","TB vs. CAR","0.65","0.62","0.00","0.00","3.19","0.07","0.49","3.48%","0.06%","0.00%","0.62%","2025-12-21T17:48:31Z"
"Savion","Williams","GB","GB vs. CHI","0.65","0.54","0.00","0.00","0.21","0.21","2.01","3.42%","0.06%","0.00%","0.54%","2025-12-21T00:46:04Z"
"Tahj","Brooks","CIN","CIN vs. MIA","0.64","0.58","0.00","0.00","2.48","0.11","0.78","3.12%","0.05%","0.00%","0.56%","2025-12-21T17:48:32Z"
"Brevyn","Spann-Ford","DAL","LAC vs. DAL","0.62","0.50","0.00","0.00","0.00","0.24","2.34","2.32%","0.03%","0.00%","0.39%","2025-12-21T17:48:31Z"
"Hassan","Haskins","LAC","LAC vs. DAL","0.61","0.59","0.00","0.00","3.08","0.05","0.38","3.50%","0.06%","0.00%","0.52%","2025-12-21T17:48:31Z"
"Gunner","Olszewski","NYG","MIN vs. NYG","0.61","0.52","0.00","0.00","0.64","0.18","2.13","2.45%","0.03%","0.00%","0.45%","2025-12-21T17:48:32Z"
"Dyami","Brown","JAX","JAX vs. DEN","0.61","0.51","0.00","0.00","0.12","0.18","2.50","2.55%","0.03%","0.00%","0.47%","2025-12-21T20:43:40Z"
"Durham","Smythe","CHI","GB vs. CHI","0.52","0.44","0.00","0.00","0.00","0.16","1.49","3.51%","0.06%","0.00%","0.66%","2025-12-21T00:46:04Z"
"Robert","Tonyan","KC","KC vs. TEN","0.52","0.42","0.00","0.00","0.00","0.19","2.12","1.95%","0.02%","0.00%","0.38%","2025-12-21T17:48:32Z"
"Laquon","Treadwell","IND","SF vs. IND","0.52","0.44","0.00","0.00","0.00","0.16","1.89","2.79%","0.04%","0.00%","0.48%","2025-12-22T15:22:26Z"
"Zavier","Scott","MIN","MIN vs. NYG","0.50","0.47","0.00","0.00","2.32","0.06","0.48","2.59%","0.03%","0.00%","0.51%","2025-12-21T17:48:31Z"
"Drew","Ogletree","IND","SF vs. IND","0.50","0.43","0.00","0.00","0.00","0.15","1.67","2.99%","0.05%","0.00%","0.52%","2025-12-22T15:22:26Z"
"Jake","Tonges","SF","SF vs. IND","0.50","0.43","0.00","0.00","0.00","0.13","1.28","3.95%","0.08%","0.00%","0.71%","2025-12-22T15:22:26Z"
"Tyler","Johnson","NYJ","NYJ vs. NO","0.49","0.41","0.00","0.00","0.10","0.17","2.07","1.71%","0.01%","0.00%","0.36%","2025-12-21T17:48:31Z"
"Harrison","Bryant","HOU","LV vs. HOU","0.44","0.41","0.00","0.00","0.00","0.06","0.64","5.14%","0.13%","0.00%","1.20%","2025-12-21T20:43:41Z"
"Jordan","Watkins","SF","SF vs. IND","0.43","0.40","0.00","0.00","0.00","0.07","1.02","4.19%","0.09%","0.00%","0.76%","2025-12-22T15:22:26Z"
"Dareke","Young","SEA","LA vs. SEA","0.43","0.37","0.00","0.00","0.00","0.13","1.77","2.11%","0.02%","0.00%","0.42%","2025-12-19T00:44:57Z"
"Bo","Melton","GB","GB vs. CHI","0.42","0.39","0.00","0.00","0.17","0.07","1.43","3.14%","0.05%","0.00%","0.49%","2025-12-21T00:46:04Z"
"Kylen","Granson","PHI","PHI vs. WAS","0.40","0.34","0.00","0.00","0.00","0.12","1.42","2.33%","0.03%","0.00%","0.42%","2025-12-20T21:32:59Z"
"Ben","Skowronek","PIT","PIT vs. DET","0.39","0.34","0.00","0.00","0.15","0.10","1.28","2.42%","0.03%","0.00%","0.39%","2025-12-21T20:43:41Z"
"Ronnie","Rivers","LA","LA vs. SEA","0.39","0.38","0.00","0.00","2.21","0.03","0.15","2.06%","0.02%","0.00%","0.37%","2025-12-19T00:44:57Z"
"Tom","Kennedy","DET","PIT vs. DET","0.36","0.33","0.00","0.00","0.00","0.06","0.76","3.65%","0.07%","0.00%","0.58%","2025-12-21T20:43:40Z"
"Quintin","Morris","JAX","JAX vs. DEN","0.35","0.33","0.00","0.00","0.00","0.04","0.43","4.29%","0.09%","0.00%","0.79%","2025-12-21T20:43:40Z"
"DeeJay","Dallas","JAX","JAX vs. DEN","0.34","0.33","0.00","0.00","0.66","0.02","0.16","3.64%","0.07%","0.00%","0.67%","2025-12-21T20:43:40Z"
"Alex","Bachman","LV","LV vs. HOU","0.32","0.27","0.00","0.00","0.01","0.09","0.99","2.03%","0.02%","0.00%","0.40%","2025-12-21T20:43:41Z"
"Nick","Kallerup","SEA","LA vs. SEA","0.30","0.27","0.00","0.00","0.00","0.08","0.81","2.40%","0.03%","0.00%","0.47%","2025-12-19T00:44:57Z"
"Josiah","Deguara","ARI","ATL vs. ARI","0.30","0.28","0.00","0.00","0.00","0.05","0.45","3.36%","0.06%","0.00%","0.60%","2025-12-21T20:43:40Z"
"Jonathan","Mingo","DAL","LAC vs. DAL","0.30","0.25","0.00","0.00","0.00","0.10","1.38","0.93%","0.00%","0.00%","0.15%","2025-12-21T17:48:31Z"
"C.J.","Ham","MIN","MIN vs. NYG","0.29","0.24","0.00","0.00","0.28","0.10","0.74","1.45%","0.01%","0.00%","0.28%","2025-12-21T17:48:32Z"
"Payne","Durham","TB","TB vs. CAR","0.29","0.24","0.00","0.00","0.00","0.10","1.13","1.24%","0.01%","0.00%","0.21%","2025-12-21T17:48:31Z"
"Khalil","Herbert","NYJ","NYJ vs. NO","0.28","0.24","0.00","0.00","0.79","0.08","0.51","1.13%","0.01%","0.00%","0.24%","2025-12-21T17:48:31Z"
"N/A","Brown","ARI","ATL vs. ARI","0.27","0.24","0.00","0.00","0.00","0.05","0.45","2.87%","0.04%","0.00%","0.51%","2025-12-21T20:43:40Z"
"Chris","Manhertz","NYG","MIN vs. NYG","0.25","0.20","0.00","0.00","0.00","0.10","0.94","0.89%","0.00%","0.00%","0.16%","2025-12-21T17:48:32Z"
"Cam","Akers","SEA","LA vs. SEA","0.24","0.22","0.00","0.00","0.52","0.05","0.32","1.88%","0.02%","0.00%","0.37%","2025-12-19T00:44:57Z"
"Dylan","Drummond","ATL","ATL vs. ARI","0.22","0.21","0.00","0.00","0.00","0.02","0.22","2.97%","0.04%","0.00%","0.54%","2025-12-21T20:43:40Z"
"Teagan","Quitoriano","ATL","ATL vs. ARI","0.21","0.19","0.00","0.00","0.00","0.04","0.47","2.11%","0.02%","0.00%","0.38%","2025-12-21T20:43:40Z"
"Travis","Homer","CHI","GB vs. CHI","0.21","0.21","0.00","0.00","0.11","0.01","0.05","3.10%","0.05%","0.00%","0.58%","2025-12-21T00:46:03Z"
"Scotty","Miller","PIT","PIT vs. DET","0.19","0.18","0.00","0.00","0.02","0.02","0.25","2.35%","0.03%","0.00%","0.38%","2025-12-21T20:43:41Z"
"Michael","Bandy","DEN","JAX vs. DEN","0.18","0.15","0.00","0.00","0.11","0.06","0.66","0.73%","0.00%","0.00%","0.13%","2025-12-21T20:43:40Z"
"Kameron","Johnson","TB","TB vs. CAR","0.17","0.14","0.00","0.00","0.00","0.05","0.72","0.73%","0.00%","0.00%","0.12%","2025-12-21T17:48:31Z"
"Britain","Covey","PHI","PHI vs. WAS","0.16","0.15","0.00","0.00","0.00","0.02","0.21","2.03%","0.02%","0.00%","0.36%","2025-12-20T21:32:59Z"
"Jack","Stoll","NO","NYJ vs. NO","0.15","0.12","0.00","0.00","0.00","0.06","0.56","0.48%","0.00%","0.00%","0.10%","2025-12-21T17:48:31Z"
"D'Ernest","Johnson","NE","NE vs. BAL","0.14","0.12","0.00","0.00","0.30","0.05","0.37","0.45%","0.00%","0.00%","0.07%","2025-12-22T01:18:55Z"
"Steven","Sims","ARI","ATL vs. ARI","0.12","0.09","0.00","0.00","0.00","0.05","0.47","0.38%","0.00%","0.00%","0.07%","2025-12-21T20:43:40Z"
"Jared","Wiley","KC","KC vs. TEN","0.11","0.09","0.00","0.00","0.00","0.04","0.40","0.40%","0.00%","0.00%","0.08%","2025-12-21T17:48:32Z"
"Ben","Yurosek","MIN","MIN vs. NYG","0.10","0.08","0.00","0.00","0.00","0.04","0.39","0.33%","0.00%","0.00%","0.06%","2025-12-21T17:48:32Z"
"Cam","Grandy","CIN","CIN vs. MIA","0.06","0.05","0.00","0.00","0.00","0.03","0.22","0.23%","0.00%","0.00%","0.04%","2025-12-21T17:48:32Z"
"Scott","Matlock","LAC","LAC vs. DAL","0.05","0.04","0.00","0.00","0.00","0.02","0.11","0.24%","0.00%","0.00%","0.04%","2025-12-21T17:48:31Z"
"Kene","Nwangwu","NYJ","NYJ vs. NO","0.03","0.03","0.00","0.00","0.18","0.00","0.01","0.18%","0.00%","0.00%","0.04%","2025-12-21T17:48:31Z"
"Eric","Gray","NYG","MIN vs. NYG","0.02","0.02","0.00","0.00","0.01","0.01","0.06","0.06%","0.00%","0.00%","0.01%","2025-12-21T17:48:32Z"